X,Y,NOMBRE,DOMICILIO,IMAGEN,AUTOMAT,OBSERV,NRO_EST,HORARIO,DIRE_NORM
-58392452073016970,-34583133075763528,FACULTAD DE DERECHO,AV. PRES.FIGUEROA ALCORTA Y  JUAN A.BIBILONI,ESTACION_AUTOMATICA.PNG,AUTOMATICA,ABRIL 2015 (PASO DE SER MANUAL A AUTOMATICA),1,ESTACION AUTOMATICA: DISPONIBILIDAD LAS 24 HORAS,"FIGUEROA ALCORTA, PRES. AV. Y BIBILONI, JUAN A."
-58374821787756280,-34592588809772888,RETIRO,AV. DR.JOSE RAMOS MEJIA Y DEL LIBERTADOR AV,ESTACION_AUTOMATICA.PNG,AUTOMATICA,ABRIL 2015 (PASO DE SER MANUAL A AUTOMATICA),2,ESTACION AUTOMATICA: DISPONIBILIDAD LAS 24 HORAS,"DEL LIBERTADOR AV. Y RAMOS MEJIA, JOSE MARIA, DR. AV."
-5836891784255409,-34611242024977076,ADUANA,AV. ING.HUERGO Y AV. BELGRANO,ESTACION_AUTOMATICA.PNG,AUTOMATICA,ABRIL 2015 (PASO DE SER MANUAL A AUTOMATICA),3,ESTACION AUTOMATICA: DISPONIBILIDAD LAS 24 HORAS,"HUERGO, ING. AV. Y BELGRANO AV."
-58368950383367880,-34601721087592916,PLAZA ROMA,LAVALLE Y BOUCHARD,ESTACION_AUTOMATICA.PNG,AUTOMATICA,ABRIL 2015 (PASO DE SER MANUAL A AUTOMATICA),4,ESTACION AUTOMATICA: DISPONIBILIDAD LAS 24 HORAS,LAVALLE Y BOUCHARD
-5836970867192413,-34628301312470044,PARQUE LEZAMA,AV MARTIN GARCIA E IRALA,ESTACION_AUTOMATICA.PNG,AUTOMATICA,ABRIL 2015 (PASO DE SER MANUAL A AUTOMATICA),6,ESTACION AUTOMATICA: DISPONIBILIDAD LAS 24 HORAS,"GARCIA, MARTIN AV. E IRALA"
-58420997041078040,-34580127344307360,PLAZA ITALIA,AV. SANTA FE Y AV. SARMIENTO,ESTACION_AUTOMATICA.PNG,AUTOMATICA,ABRIL 2015 (PASO DE SER MANUAL A AUTOMATICA),5,ESTACION AUTOMATICA: DISPONIBILIDAD LAS 24 HORAS,SARMIENTO AV. Y CALZADA CIRCULAR PLAZA ITALIA
-58380989604108224,-3460584049631661,OBELISCO,AV. 9 DE JULIO Y TTE. GRAL JUAN DOMINGO PERON,ESTACION_AUTOMATICA.PNG,AUTOMATICA,ABRIL 2015 (PASO DE SER MANUAL A AUTOMATICA),7,ESTACION AUTOMATICA: DISPONIBILIDAD LAS 24 HORAS,"PELLEGRINI, CARLOS Y PERON, JUAN DOMINGO, TTE. GENERAL"
-58389253260153264,-34609930459200116,CONGRESO,AV. HIPOLITO YRIGOYEN Y VIRREY CEBALLOS,ESTACION_AUTOMATICA.PNG,AUTOMATICA,ABRIL 2015 (PASO DE SER MANUAL A AUTOMATICA),8,ESTACION AUTOMATICA: DISPONIBILIDAD LAS 24 HORAS,"YRIGOYEN, HIPOLITO AV. Y CEVALLOS, VIRREY"
-5840714467125671,-34583914572572432,PARQUE LAS HERAS,PARQUE LAS HERAS,ESTACION_AUTOMATICA.PNG,AUTOMATICA,ABRIL 2015 (PASO DE SER MANUAL A AUTOMATICA),9,ESTACION AUTOMATICA: DISPONIBILIDAD LAS 24 HORAS,"DIAZ, CNEL. AV. Y FRENCH"
-58365745861129696,-34615551427997520,PUERTO MADERO - UCA,MOREAU DE JUSTO 1500,ESTACION_AUTOMATICA.PNG,AUTOMATICA,ABRIL 2015 (PASO DE SER MANUAL A AUTOMATICA),10,ESTACION AUTOMATICA: DISPONIBILIDAD LAS 24 HORAS,"1500 MOREAU DE JUSTO, ALICIA AV."
-58385021610721550,-34601312813458212,TRIBUNALES,TRIBUNALES,ESTACION_AUTOMATICA.PNG,AUTOMATICA,ABRIL 2015 (PASO DE SER MANUAL A AUTOMATICA),11,ESTACION AUTOMATICA: DISPONIBILIDAD LAS 24 HORAS,651 TALCAHUANO
-58388948867519590,-34593177279882448,PLAZA VICENTE LOPEZ,PLAZA VICENTE LOPEZ,ESTACION_AUTOMATICA.PNG,AUTOMATICA,ABRIL 2015 (PASO DE SER MANUAL A AUTOMATICA),12,ESTACION AUTOMATICA: DISPONIBILIDAD LAS 24 HORAS,PARANA Y JUNCAL
-58406599280779280,-34609622003601268,ONCE,PLAZA MISERERE,ESTACION_AUTOMATICA.PNG,AUTOMATICA,ABRIL 2015 (PASO DE SER MANUAL A AUTOMATICA),13,ESTACION AUTOMATICA: DISPONIBILIDAD LAS 24 HORAS,RIVADAVIA AV. Y PUEYRREDON AV.
-58426319864739584,-34577787497491420,PACIFICO,PACIFICO,ESTACION_AUTOMATICA.PNG,AUTOMATICA,ABRIL 2015 (PASO DE SER MANUAL A AUTOMATICA),14,ESTACION AUTOMATICA: DISPONIBILIDAD LAS 24 HORAS,"580 BULLRICH, INT. AV."
-58398521452297610,-34599189849214704,PLAZA HOUSSAY,PLAZA HOUSSAY,ESTACION_AUTOMATICA.PNG,AUTOMATICA,NUEVA ESTACION! - SE PASO DE MANUAL A AUTOMATICA EN JUNIO 2015,43,ESTACION AUTOMATICA: DISPONIBILIDAD LAS 24 HORAS,"CORDOBA AV. Y URIBURU JOSE E., PRES."
-58374717240582040,-34609959340059800,LEGISLATURA (EX PLAZA DE MAYO),PERU Y DIAGONAL SUR,ESTACION_AUTOMATICA.PNG,AUTOMATICA,ABRIL 2015 (PASO DE SER MANUAL A AUTOMATICA),16,ESTACION AUTOMATICA: DISPONIBILIDAD LAS 24 HORAS,"PERU Y ROCA, JULIO A., PRESIDENTE AV."
-58418832214441616,-34606398525093328,PLAZA ALMAGRO,PLAZA ALMAGRO,ESTACION_AUTOMATICA.PNG,AUTOMATICA,ABRIL 2015 (PASO DE SER MANUAL A AUTOMATICA),17,ESTACION AUTOMATICA: DISPONIBILIDAD LAS 24 HORAS,"BULNES Y PERON, JUAN DOMINGO, TTE. GENERAL"
-58380480655024880,-34617373152503288,INDEPENDENCIA,AV. INDEPENDENCIA Y 9 DE JULIO,ESTACION_AUTOMATICA.PNG,AUTOMATICA,ABRIL 2015 (PASO DE SER MANUAL A AUTOMATICA),18,ESTACION AUTOMATICA: DISPONIBILIDAD LAS 24 HORAS,INDEPENDENCIA AV. Y 9 DE JULIO AV.
-58377548931264496,-3459540479499811,PLAZA SAN MARTIN,PLAZA SAN MARTIN,ESTACION_AUTOMATICA.PNG,AUTOMATICA,ABRIL 2015 (PASO DE SER MANUAL A AUTOMATICA),19,ESTACION AUTOMATICA: DISPONIBILIDAD LAS 24 HORAS,750 SANTA FE AV.
-58441788509931704,-34580036124186496,DISTRITO AUDIOVISUAL,ZAPIOLA Y DORREGO,ESTACION_AUTOMATICA.PNG,AUTOMATICA,ABRIL 2015 (PASO DE SER MANUAL A AUTOMATICA),20,ESTACION AUTOMATICA: DISPONIBILIDAD LAS 24 HORAS,1 ZAPIOLA
-58382570459236576,-34594099836289036,ARENALES,ARENALES Y CERRITO,ESTACION_AUTOMATICA.PNG,AUTOMATICA,ABRIL 2015 (PASO DE SER MANUAL A AUTOMATICA),22,ESTACION AUTOMATICA: DISPONIBILIDAD LAS 24 HORAS,ARENALES Y CERRITO
-58379566123221450,-34600295782512572,SUIPACHA,SUIPACHA Y VIAMONTE,ESTACION_AUTOMATICA.PNG,AUTOMATICA,ABRIL 2015 (PASO DE SER MANUAL A AUTOMATICA),23,ESTACION AUTOMATICA: DISPONIBILIDAD LAS 24 HORAS,691 SUIPACHA
-58380766935621290,-3461057221944835,ALSINA,ADOLFO ALSINA Y BERNARDO DE IRIGOYEN,ESTACION_AUTOMATICA.PNG,AUTOMATICA,ABRIL 2015 (PASO DE SER MANUAL A AUTOMATICA),24,ESTACION AUTOMATICA: DISPONIBILIDAD LAS 24 HORAS,"ALSINA, ADOLFO E IRIGOYEN, BERNARDO DE"
-58416065021838490,-34589520728460208,PLAZA GUEMES,SALGUERO JERONIMO Y MANSILLA,ESTACION_AUTOMATICA.PNG,AUTOMATICA,ABRIL 2015 (PASO DE SER MANUAL A AUTOMATICA),25,ESTACION AUTOMATICA: DISPONIBILIDAD LAS 24 HORAS,"SALGUERO, JERONIMO Y MANSILLA, LUCIO NORBERTO, GENERAL"
-5836360359357068,-34601000686920264,JUANA MANSO,EMMA DE LA BARRA Y JUANA MANSO,ESTACION_AUTOMATICA.PNG,AUTOMATICA,ABRIL 2015 (PASO DE SER MANUAL A AUTOMATICA) - SE MODIFICO EL NOMBRE (EX EMMA DE LA BARRA),26,ESTACION AUTOMATICA: DISPONIBILIDAD LAS 24 HORAS,"DE LA BARRA,  EMMA Y MANSO JUANA"
-58389895998396240,-34599567880194440,MONTEVIDEO,AV. CORDOBA Y MONTEVIDEO,ESTACION_AUTOMATICA.PNG,AUTOMATICA,ABRIL 2015 (PASO DE SER MANUAL A AUTOMATICA),27,ESTACION AUTOMATICA: DISPONIBILIDAD LAS 24 HORAS,CORDOBA AV. Y MONTEVIDEO
-58412398197949270,-34622850251133628,PLAZA BOEDO,CARLOS CALVO ENTRE VIRREY LINIERS Y SANCHEZ DE LORIA,ESTACION_AUTOMATICA.PNG,AUTOMATICA,ABRIL 2015 (PASO DE SER MANUAL A AUTOMATICA),28,ESTACION AUTOMATICA: DISPONIBILIDAD LAS 24 HORAS,"CALVO, CARLOS Y LINIERS VIRREY"
-58434576787949790,-34608459035600768,PARQUE CENTENARIO,PATRICIAS ARGENTINAS Y CARLOS FINLAY,ESTACION_AUTOMATICA.PNG,AUTOMATICA,ABRIL 2015 (PASO DE SER MANUAL A AUTOMATICA),29,ESTACION AUTOMATICA: DISPONIBILIDAD LAS 24 HORAS,"PATRICIAS ARGENTINAS AV. Y FINLAY, CARLOS J. AV."
-58406613388413784,-34640029242605828,PARQUE PATRICIOS,IGUAZU Y USPALLATA,ESTACION_AUTOMATICA.PNG,AUTOMATICA,NUEVA ESTACION! - MAYO 2015,21,ESTACION AUTOMATICA: DISPONIBILIDAD LAS 24 HORAS,IGUAZU Y USPALLATA
-58397378364990224,-34590393611517368,PEÑA,AZCUENAGA Y PEÑA,ESTACION_AUTOMATICA.PNG,AUTOMATICA,NUEVA ESTACION! - ABRIL DE 2015 (SE INCORPORA CON EL SISTEMA AUTOMATICO),30,ESTACION AUTOMATICA: DISPONIBILIDAD LAS 24 HORAS,AZCUENAGA Y PEÑA
-58373531429153336,-34607727795686188,CATEDRAL,SAN MARTIN Y RIVADAVIA,ESTACION_AUTOMATICA.PNG,AUTOMATICA,NUEVA ESTACION! - ABRIL DE 2015 (SE INCORPORA CON EL SISTEMA AUTOMATICO),32,ESTACION AUTOMATICA: DISPONIBILIDAD LAS 24 HORAS,SAN MARTIN Y RIVADAVIA AV.
-58371857867586950,-34596327388790984,INGENIERO BUTTY,ING. BUTTY Y LEANDRO N. ALEM,ESTACION_AUTOMATICA.PNG,AUTOMATICA,NUEVA ESTACION! - ABRIL DE 2015 (SE INCORPORA CON EL SISTEMA AUTOMATICO),35,ESTACION AUTOMATICA: DISPONIBILIDAD LAS 24 HORAS,"BUTTY, E., ING. Y ALEM, LEANDRO N. AV."
-58376596028802704,-34605368867468428,MAIPU,MAIPU Y SARMIENTO,ESTACION_AUTOMATICA.PNG,AUTOMATICA,NUEVA ESTACION! - ABRIL DE 2015 (SE INCORPORA CON EL SISTEMA AUTOMATICO),36,ESTACION AUTOMATICA: DISPONIBILIDAD LAS 24 HORAS,MAIPU Y SARMIENTO
-58377864006223456,-34607914363709892,PIEDRAS,ESMERALDA Y RIVADAVIA,ESTACION_AUTOMATICA.PNG,AUTOMATICA,NUEVA ESTACION! - ABRIL DE 2015 (SE INCORPORA CON EL SISTEMA AUTOMATICO),37,ESTACION AUTOMATICA: DISPONIBILIDAD LAS 24 HORAS,ESMERALDA Y RIVADAVIA AV.
-58382895384495170,-34596990180041552,PLAZA LIBERTAD,CERRITO Y MARCELO T. DE ALVEAR,ESTACION_AUTOMATICA.PNG,AUTOMATICA,NUEVA ESTACION! - ABRIL DE 2015 (SE INCORPORA CON EL SISTEMA AUTOMATICO),38,ESTACION AUTOMATICA: DISPONIBILIDAD LAS 24 HORAS,"CERRITO Y ALVEAR, MARCELO T. DE"
-58407591983578784,-34636519409883988,URQUIZA,GRAL URQUIZA Y RONDEAU,ESTACION_AUTOMATICA.PNG,AUTOMATICA,NUEVA ESTACION! - JULIO 2015,41,ESTACION AUTOMATICA: DISPONIBILIDAD LAS 24 HORAS,"URQUIZA, GRAL. Y RONDEAU"
-5839871708520576,-34597126609416504,FACULTAD DE MEDICINA,URIBURU Y MARCELO T. DE ALVEAR,ESTACION_AUTOMATICA.PNG,AUTOMATICA,NUEVA ESTACION! - JUNIO 2015,33,ESTACION AUTOMATICA: DISPONIBILIDAD LAS 24 HORAS,URIBURU JOSE E. Y ALVEAR MARCELO T DE
-58374157286157650,-34599579426003360,GALERIAS PACIFICO,"SAN MARTIN 710, ENTRE VIAMONTE Y CORDOBA",ESTACION_AUTOMATICA.PNG,AUTOMATICA,NUEVA ESTACION! - JUNIO 2015,34,ESTACION AUTOMATICA: DISPONIBILIDAD LAS 24 HORAS,710 SAN MARTIN
-58373371100741960,-34604398060527608,SARMIENTO,"SARMIENTO 481, ENTRE RECONQUISTA Y SAN MARTIN",ESTACION_AUTOMATICA.PNG,AUTOMATICA,NUEVA ESTACION! - JUNIO 2015,40,ESTACION AUTOMATICA: DISPONIBILIDAD LAS 24 HORAS,481 SARMIENTO
-58414594877753450,-3457548532336677,ZOOLOGICO,AV DEL LIBERTADOR Y AV SARMIENTO,ESTACION_AUTOMATICA.PNG,AUTOMATICA,NUEVA ESTACION! - JUNIO 2015,44,ESTACION AUTOMATICA: DISPONIBILIDAD LAS 24 HORAS,AV DEL LIBERTADOR Y AV SARMIENTO
-58382448765305264,-34601586169576200,TUCUMAN,TUCUMAN Y CERRITO,ESTACION_AUTOMATICA.PNG,AUTOMATICA,jul-15,51,ESTACION AUTOMATICA: DISPONIBILIDAD LAS 24 HORAS,TUCUMAN Y CERRITO
-58374388824542736,-3461637848079711,CHILE,PERU 726,ESTACION_AUTOMATICA.PNG,AUTOMATICA,NUEVA ESTACION! - JULIO 2015,46,ESTACION AUTOMATICA: DISPONIBILIDAD LAS 24 HORAS,726 PERU
-58376900723913230,-34598515523188e3,CORDOBA,MAIPU 820,ESTACION_AUTOMATICA.PNG,AUTOMATICA,NUEVA ESTACION! - JULIO 2015,62,ESTACION AUTOMATICA: DISPONIBILIDAD LAS 24 HORAS,820 MAIPU
-5837428229558725,-34595881444521688,RICARDO ROJAS,SAN MARTIN 1031,ESTACION_AUTOMATICA.PNG,AUTOMATICA,NUEVA ESTACION! - JULIO 2015,53,ESTACION AUTOMATICA: DISPONIBILIDAD LAS 24 HORAS,1031 SAN MARTIN
-58379651843941830,-34604641737039968,DIAGONAL NORTE,ROQUE SAENZ PEÑA Y SUIPACHA,ESTACION_AUTOMATICA.PNG,AUTOMATICA,NUEVA ESTACION! - AGOSTO 2015,42,ESTACION AUTOMATICA: DISPONIBILIDAD LAS 24 HORAS,SAENZ PEÑA ROQUE AV Y SUIPACHA
-58371155474862750,-34601638499814344,25 DE MAYO,25 DE MAYO Y LAVALLE,ESTACION_AUTOMATICA.PNG,AUTOMATICA,NUEVA ESTACION! - AGOSTO 2015,60,ESTACION AUTOMATICA: DISPONIBILIDAD LAS 24 HORAS,25 DE MAYO Y LAVALLE
-58385397574564896,-34606647349943424,RIVAROLA,DR. RODOLFO RIVAROLA 175 ENTRE TTE. GRAL. JUAN DOMINGO PERON Y BARTOLOME MITRE,ESTACION_AUTOMATICA.PNG,AUTOMATICA,NUEVA ESTACION! - SEPTIEMBRE 2015,68,ESTACION AUTOMATICA: DISPONIBILIDAD LAS 24 HORAS,175 RIVAROLA RODOLFO DR
-58370576623393840,-34613384646496816,BELGRANO,BALCARCE 482 ENTRE BELGRANO Y VENEZUELA,ESTACION_AUTOMATICA.PNG,AUTOMATICA,NUEVA ESTACION! - SEPTIEMBRE 2015,57,ESTACION AUTOMATICA: DISPONIBILIDAD LAS 24 HORAS,482 BALCARCE
-58414667752170890,-34607089012157908,SANCHEZ DE BUSTAMANTE,SANCHEZ DE BUSTAMANTE Y PERON JUAN,ESTACION_AUTOMATICA.PNG,AUTOMATICA,NUEVA ESTACION! - SEPTIEMBRE 2015,52,ESTACION AUTOMATICA: DISPONIBILIDAD LAS 24 HORAS,SANCHEZ DE BUSTAMANTE Y PERON JUAN D
-58426266639001080,-34607429501612984,HOSPITAL ITALIANO,RAWSON ENTRE POTOSI Y DIAZ VELEZ,ESTACION_AUTOMATICA.PNG,AUTOMATICA,NUEVA ESTACION! - FEBRERO 2016,82,ESTACION AUTOMATICA: DISPONIBILIDAD LAS 24 HORAS,RAWSON Y DIAZ VELEZ AV
-58411495316773970,-34590224478044668,CORONEL DIAZ,GÜEMES 3328 Y CORONEL DIAZ,ESTACION_AUTOMATICA.PNG,AUTOMATICA,NUEVA ESTACION! - FEBRERO 2016,59,ESTACION AUTOMATICA: DISPONIBILIDAD LAS 24 HORAS,3328 GUEMES
-5841593968422832,-34587215739003304,JULIAN ALVAREZ,GÜEMES 3822 ENTRE JULIAN ALVAREZ Y ARAOZ,ESTACION_AUTOMATICA.PNG,AUTOMATICA,NUEVA ESTACION! - FEBRERO 2016,65,ESTACION AUTOMATICA: DISPONIBILIDAD LAS 24 HORAS,3822 GUEMES
-58371594863161544,-34605491177545400,PERON,PERON JUAN ENTRE 25 DE MAYO Y RECONQUISTA,ESTACION_AUTOMATICA.PNG,AUTOMATICA,NUEVA ESTACION! - AGOSTO 2015,48,ESTACION AUTOMATICA: DISPONIBILIDAD LAS 24 HORAS,PERON JUAN D Y RECONQUISTA
-58434626316998240,-34575189674801044,MINISTRO CARRANZA,SANTA FE 5327 ENTRE DORREGO Y AREVALO,ESTACION_AUTOMATICA.PNG,AUTOMATICA,NUEVA ESTACION! - OCTUBRE 2015,58,ESTACION AUTOMATICA: DISPONIBILIDAD LAS 24 HORAS,5327 SANTA FE AV
-58425072429468050,-34589371182447168,PLAZA PALERMO VIEJO,COSTA RICA Y MALABIA,ESTACION_AUTOMATICA.PNG,AUTOMATICA,NUEVA ESTACION! - OCTUBRE 2015,56,ESTACION AUTOMATICA: DISPONIBILIDAD LAS 24 HORAS,COSTA RICA Y MALABIA
-58394927306283776,-34607572645091964,AYACUCHO,AYACUCHO ENTRE PERON JUAN Y BARTOLOME MITRE,ESTACION_AUTOMATICA.PNG,AUTOMATICA,NUEVA ESTACION! - ENERO 2016,76,ESTACION AUTOMATICA: DISPONIBILIDAD LAS 24 HORAS,AYACUCHO Y PERON JUAN D
-58394439682611670,-34594149034922752,RIOBAMBA,RIOBAMBA Y JUNCAL,ESTACION_AUTOMATICA.PNG,AUTOMATICA,NUEVA ESTACION! - ENERO 2016,64,ESTACION AUTOMATICA: DISPONIBILIDAD LAS 24 HORAS,RIOBAMBA Y JUNCAL
-58439709218240344,-34603162361388612,PADILLA,PADILLA Y WARNES AV,ESTACION_AUTOMATICA.PNG,AUTOMATICA,NUEVA ESTACION! - ENERO 2016,31,ESTACION AUTOMATICA: DISPONIBILIDAD LAS 24 HORAS,PADILLA Y WARNES AV
-58449442063758816,-34591819116697464,GUZMAN,GUZMAN Y LEIVA,ESTACION_AUTOMATICA.PNG,AUTOMATICA,NUEVA ESTACION! - ENERO 2016,94,ESTACION AUTOMATICA: DISPONIBILIDAD LAS 24 HORAS,GUZMAN Y LEIVA
-58382842967720640,-34602995767065672,CERRITO,AV. ROQUE SAENZ PEÑA 1149 ENTRE LIBERTAD Y CERRITO,ESTACION_AUTOMATICA.PNG,AUTOMATICA,"NUEVA ESTACION! - FEBRERO 2016 (ANTES FIGURABA CON NOMBRE ""LIBERTAD"")",71,ESTACION AUTOMATICA: DISPONIBILIDAD LAS 24 HORAS,1149 SAENZ PEÑA ROQUE AV
-58434242799114e3,-34604571775754956,INSTITUTO LELOIR,"AV. PATRICIAS ARGENTINAS 401, ENTRE JUANA DE IBARBOUROU Y AV. MACHADO",ESTACION_AUTOMATICA.PNG,AUTOMATICA,NUEVA ESTACION! - FEBRERO 2016,74,ESTACION AUTOMATICA: DISPONIBILIDAD LAS 24 HORAS,401  PATRICIAS ARGENTINAS AV
-58373557461798376,-34610782419245676,COLEGIO NACIONAL BUENOS AIRES,BOLIVAR ENTRE ADOLFO ALSINA Y MORENO,ESTACION_AUTOMATICA.PNG,AUTOMATICA,NUEVA ESTACION! - FEBRERO 2016,47,ESTACION AUTOMATICA: DISPONIBILIDAD LAS 24 HORAS,251 BOLIVAR
-58370834374987880,-34609086040031264,MINISTERIO DE ECONOMIA,BALCARCE 101 ENTRE AV. HIPOLITO YRIGOYEN Y ALSINA,ESTACION_AUTOMATICA.PNG,AUTOMATICA,NUEVA ESTACION! - FEBRERO 2016,61,ESTACION AUTOMATICA: DISPONIBILIDAD LAS 24 HORAS,101 BALCARCE
-58378173540028590,-34602091902443560,ESMERALDA,ESMERALDA 510,ESTACION_AUTOMATICA.PNG,AUTOMATICA,NUEVA ESTACION! - FEBRERO 2016,95,ESTACION AUTOMATICA: DISPONIBILIDAD LAS 24 HORAS,510 ESMERALDA
-58404356064959440,-34595862350637372,ECUADOR,ECUADOR 1200 Y MANSILLA,ESTACION_AUTOMATICA.PNG,AUTOMATICA,NUEVA ESTACION! - FEBRERO 2016,69,ESTACION AUTOMATICA: DISPONIBILIDAD LAS 24 HORAS,ECUADOR Y MANSILLA LUCIO NORBERTO
-583745525014373,-34613650393454968,VENEZUELA,PERU 490 Y VENEZUELA,ESTACION_AUTOMATICA.PNG,AUTOMATICA,NUEVA ESTACION: 29/02/2016,72,ESTACION AUTOMATICA: DISPONIBILIDAD LAS 24 HORAS,490 PERU
-58372723516254050,-34599469249729984,RECONQUISTA,RECONQUISTA 716 Y AV CORDOBA,ESTACION_AUTOMATICA.PNG,AUTOMATICA,NUEVA ESTACION: 29/02/2016,63,ESTACION AUTOMATICA: DISPONIBILIDAD LAS 24 HORAS,716 RECONQUISTA
-58435615487267280,-34596280542167880,MALABIA,MALABIA 780 Y LOYOLA,ESTACION_AUTOMATICA.PNG,AUTOMATICA,jun-16,99,ESTACION AUTOMATICA: DISPONIBILIDAD LAS 24 HORAS,780 MALABIA
-58411584894838750,-34602891143933980,CARLOS GARDEL,GUARDIA VIEJA 3302,ESTACION_AUTOMATICA.PNG,AUTOMATICA,jun-16,96,ESTACION AUTOMATICA: DISPONIBILIDAD LAS 24 HORAS,3302 GUARDIA VIEJA
-58428267593013504,-34600818388690412,YATAY,YATAY 925 ENTRE HUMAHUACA Y GUARDIA VIEJA,ESTACION_AUTOMATICA.PNG,AUTOMATICA,nov-16,121,ESTACION AUTOMATICA: DISPONIBILIDAD LAS 24 HORAS,925 YATAY
-58397547065967870,-34617491492067940,PASCO,PASCO 708 ENTRE CHILE Y AV INDEPENDENCIA,ESTACION_AUTOMATICA.PNG,AUTOMATICA,jul-16,91,ESTACION AUTOMATICA: DISPONIBILIDAD LAS 24 HORAS,708 PASCO
-58370878765905470,-3461584741336717,BALCARCE,BALCARCE 683 ENTRE CHILE Y DEFENSA,ESTACION_AUTOMATICA.PNG,AUTOMATICA,jun-16,81,ESTACION AUTOMATICA: DISPONIBILIDAD LAS 24 HORAS,683 BALCARCE
-58378121718966936,-34611713998610184,MORENO,MORENO 834 ENTRE TACUARI Y PIEDRAS,ESTACION_AUTOMATICA.PNG,AUTOMATICA,jul-16,98,ESTACION AUTOMATICA: DISPONIBILIDAD LAS 24 HORAS,834 MORENO
-58372535064162890,-3459475309655317,DELLA PAOLERA,CARLOS M. DELLA PAOLERA 297 ENTRE LEANDRO N ALEM Y EDUARDO MADERO,ESTACION_AUTOMATICA.PNG,AUTOMATICA,nov-16,114,ESTACION AUTOMATICA: DISPONIBILIDAD LAS 24 HORAS,297 DELLA PAOLERA CARLOS M
-58395471659537920,-34602290119022496,LAVALLE,AYACUCHO 595 ENTRE TUCUMAN Y LAVALLE,ESTACION_AUTOMATICA.PNG,AUTOMATICA,jun-16,84,ESTACION AUTOMATICA: DISPONIBILIDAD LAS 24 HORAS,595 AYACUCHO
-58409034003474016,-34594616110570456,AGUERO,AGUERO Y MANSILLA,ESTACION_AUTOMATICA.PNG,AUTOMATICA,ene-16,85,ESTACION AUTOMATICA: DISPONIBILIDAD LAS 24 HORAS,AGUERO Y MANSILLA
-5841385892691e4,-34594629144033168,BILLINGHURST,DE LA CARCOVA 3508,ESTACION_AUTOMATICA.PNG,AUTOMATICA,jun-16,66,ESTACION AUTOMATICA: DISPONIBILIDAD LAS 24 HORAS,3508 DE LA CARCOVA
-58425816435958310,-34592672511996832,ARAOZ,ARAOZ 1413 ENTRE GORRITI Y HONDURAS,ESTACION_AUTOMATICA.PNG,AUTOMATICA,jun-16,70,ESTACION AUTOMATICA: DISPONIBILIDAD LAS 24 HORAS,1413 ARAOZ
-58369621708680576,-34599337457664056,BOUCHARD,VIAMONTE 101 Y BOUCHARD,ESTACION_AUTOMATICA.PNG,AUTOMATICA,jul-16,55,ESTACION AUTOMATICA: DISPONIBILIDAD LAS 24 HORAS,101 VIAMONTE
-58390786283886104,-34587812049924536,QUINTANA,MANUEL QUINTANA 600,ESTACION_AUTOMATICA.PNG,AUTOMATICA,nov-16,115,ESTACION AUTOMATICA: DISPONIBILIDAD LAS 24 HORAS,600 QUINTANA MANUEL
-58401147781204784,-345836773298631,HOSPITAL RIVADAVIA,LUCENA PEREYRA 2516 ENTRE LAS HERAS Y PAGANO,ESTACION_AUTOMATICA.PNG,AUTOMATICA,ago-16,50,ESTACION AUTOMATICA: DISPONIBILIDAD LAS 24 HORAS,2516 PEREYRA LUCENA
-58404230050846040,-34612867091261564,MISIONES,MISIONES ENTRE ADOLFO ALSINA Y MORENO,ESTACION_AUTOMATICA.PNG,AUTOMATICA,AGOSTO DE 2016,88,ESTACION AUTOMATICA: DISPONIBILIDAD LAS 24 HORAS,MISIONES Y ALSINA ADOLFO
-58380338244244256,-34591415686982368,SUIPACHA Y ARROYO,ARROYO Y SUIPACHA,ESTACION_AUTOMATICA.PNG,AUTOMATICA,"AGOSTO 2016 - EN JULIO DE 2017 CAMBIO SU NOMBRE Y UBICACION. ANTES ERA ""ARROYO""",78,ESTACION AUTOMATICA: DISPONIBILIDAD LAS 24 HORAS,ARROYO Y SUIPACHA
-58430319869395456,-34624129547114896,DOBLAS,DOBLAS 608 Y VALLE,ESTACION_AUTOMATICA.PNG,AUTOMATICA,ago-16,80,ESTACION AUTOMATICA: DISPONIBILIDAD LAS 24 HORAS,608 DOBLAS
-58425477470589024,-34638500915871752,SENILLOSA,SENILLOSA 1905 Y ZAÑARTU,ESTACION_AUTOMATICA.PNG,AUTOMATICA,ago-16,67,ESTACION AUTOMATICA: DISPONIBILIDAD LAS 24 HORAS,1905 SENILLOSA
-58431535896984610,-34619828537261192,GUAYAQUIL,GUAYAQUIL 213 Y DOBLAS,ESTACION_AUTOMATICA.PNG,AUTOMATICA,NUEVA! SEPTIEMBRE 2016,87,ESTACION AUTOMATICA: DISPONIBILIDAD LAS 24 HORAS,213 GUAYAQUIL
-58427401411117576,-3463525028070076,AVELINO DIAZ,AVELINO DIAZ 499 Y DOBLAS,ESTACION_AUTOMATICA.PNG,AUTOMATICA,NUEVA! SEPTIEMBRE 2016,97,ESTACION AUTOMATICA: DISPONIBILIDAD LAS 24 HORAS,499 DIAZ AVELINO
-58422422403807200,-34628817365819276,TREINTA Y TRES ORIENTALES,CONSTITUCION 4101 Y TREINTA Y TRES ORIENTALES,ESTACION_AUTOMATICA.PNG,AUTOMATICA,NUEVA! SEPTIEMBRE 2016,49,ESTACION AUTOMATICA: DISPONIBILIDAD LAS 24 HORAS,4101  CONSTITUCION
-58401720369330720,-34621356081357736,SAAVEDRA,SAAVEDRA 1027 ENTRE CARLOS CALVO Y HUMBERTO 1º,ESTACION_AUTOMATICA.PNG,AUTOMATICA,sep-16,86,ESTACION AUTOMATICA: DISPONIBILIDAD LAS 24 HORAS,1027 SAAVDREA
-58393317450600530,-34589149744113516,CEMENTERIO DE LA RECOLETA,VICENTE LOPEZ 2050 ENTRE JUNIN Y URIBURU,ESTACION_AUTOMATICA.PNG,AUTOMATICA,INAUGURADA 3/10/2016,166,ESTACION AUTOMATICA: DISPONIBILIDAD LAS 24 HORAS,2050 LOPEZ VICENTE
-58363969079529680,-34611720675269384,AZUCENA VILLAFLOR,AZUCENA VILLAFLOR Y PIERINA DEALESSI,ESTACION_AUTOMATICA.PNG,AUTOMATICA,dic-16,79,ESTACION AUTOMATICA: DISPONIBILIDAD LAS 24 HORAS,VILLAFLOR AZUCENA Y DEALESSI PIERINA
-58363090509170936,-34618082021172696,VERA PEÑALOZA,ROSARIO VERA PEÑALOZA Y OLGA COSSETTINI,ESTACION_AUTOMATICA.PNG,AUTOMATICA,dic-16,150,ESTACION AUTOMATICA: DISPONIBILIDAD LAS 24 HORAS,ROSARIO VERA PEÑALOZA Y OLGA COSSETINI
-5840282667688323,-34616812583167184,MEXICO,SAAVEDRA Y MEXICO,ESTACION_AUTOMATICA.PNG,AUTOMATICA,dic-16,118,ESTACION AUTOMATICA: DISPONIBILIDAD LAS 24 HORAS,MEXICO Y SAAVEDRA
-5839589746590535,-34615196200479204,RINCON,VENEZUELA 2091 Y RINCON,ESTACION_AUTOMATICA.PNG,AUTOMATICA,dic-16,106,ESTACION AUTOMATICA: DISPONIBILIDAD LAS 24 HORAS,2091 REPUBLICA BOLIVARIANA DE VENEZUELA
-58405019149975720,-34631724687728424,SALCEDO,SALCEDO 2908 Y DEAN FUNES,ESTACION_AUTOMATICA.PNG,AUTOMATICA,dic-16,92,ESTACION AUTOMATICA: DISPONIBILIDAD LAS 24 HORAS,2908 SALCEDO
-58394830904347370,-3461127030943252,SARANDI,SARANDI ENTRE ADOLFO ALSINA E HIPOLITO YRIGOYEN,ESTACION_AUTOMATICA.PNG,AUTOMATICA,dic-16,77,ESTACION AUTOMATICA: DISPONIBILIDAD LAS 24 HORAS,SARANDI E YRIGOYEN HIPOLITO AV
-58398904702934160,-3461212358561135,PLAZA PRIMERO DE MAYO,PICHINCHA ENTRE ADOLFO ALSINA Y MORENO,ESTACION_AUTOMATICA.PNG,AUTOMATICA,dic-16,75,ESTACION AUTOMATICA: DISPONIBILIDAD LAS 24 HORAS,PICHINCHA Y ALSINA ADOLFO
-58409110475451664,-34617549089493840,HOSPITAL RAMOS MEJIA,"AGRELO ENTRE  GRAL. URQUIZA, Y GRAL. LA RIOJA",ESTACION_AUTOMATICA.PNG,AUTOMATICA,dic-16,120,ESTACION AUTOMATICA: DISPONIBILIDAD LAS 24 HORAS,URQUIZA GRAL Y AGRELO
-58360905798482976,-34611807912888784,AIME PAINE,AZUCENA VILLAFLOR 553 ENTRE CALABRIA Y AIME PAINE,ESTACION_AUTOMATICA.PNG,AUTOMATICA,dic-16,151,ESTACION AUTOMATICA: DISPONIBILIDAD LAS 24 HORAS,553 VILLAFLOR AZUCENA
-58442901273852096,-34599812573287840,ACEVEDO,ACEVEDO Y PADILLA,ESTACION_AUTOMATICA.PNG,AUTOMATICA,ene-17,136,ESTACION AUTOMATICA: DISPONIBILIDAD LAS 24 HORAS,ACEVEDO Y PADILLA
-58442422704116416,-3458904914633829,FITZ ROY,FITZ ROY 1092 Y LOYOLA,ESTACION_AUTOMATICA.PNG,AUTOMATICA,ene-17,101,ESTACION AUTOMATICA: DISPONIBILIDAD LAS 24 HORAS,1092 FITZ ROY
-58356257414499290,-34628780781509852,USINA DEL ARTE,CAFFARENA AGUSTIN Y DON PEDRO DE MENDOZA,ESTACION_AUTOMATICA.PNG,AUTOMATICA,ene-17,108,ESTACION AUTOMATICA: DISPONIBILIDAD LAS 24 HORAS,CAFFARENA AGUSTIN Y DON PEDRO DE MENDOZA
-584155158417582,-34611875879019864,DON BOSCO,DON BOSCO Y VIRREY LINIERS,ESTACION_AUTOMATICA.PNG,AUTOMATICA,ene-17,134,ESTACION AUTOMATICA: DISPONIBILIDAD LAS 24 HORAS,DON BOSCO Y LINIERS VIRREY
-5835913142905364,-34617485823733856,JULIETA LANTERI,VERA PEÑALOSA ENTRE CALABRIA Y JULIETA LANTERI,ESTACION_AUTOMATICA.PNG,AUTOMATICA,ene-17,152,ESTACION AUTOMATICA: DISPONIBILIDAD LAS 24 HORAS,VERA PEÑALOZA ROSARIO Y LANTERI JULIETA
-58419677863235136,-34602057924094872,HUMAHUACA,HUMAHUACA 3918,ESTACION_AUTOMATICA.PNG,AUTOMATICA,ene-17,161,ESTACION AUTOMATICA: DISPONIBILIDAD LAS 24 HORAS,3918 HUMAHUACA
-5838691266291422,-34601616028016324,URUGUAY,TUCUMAN Y URUGUAY,ESTACION_AUTOMATICA.PNG,AUTOMATICA,feb-17,45,ESTACION AUTOMATICA: DISPONIBILIDAD LAS 24 HORAS,TUCUMAN Y URUGUAY
-58380766311522930,-34612389302897080,9 DE JULIO,9 DE JULIO Y MORENO,ESTACION_AUTOMATICA.PNG,AUTOMATICA,feb-17,112,ESTACION AUTOMATICA: DISPONIBILIDAD LAS 24 HORAS,9 DE JULIO AV Y MORENO
-58397684271763296,-34588371839120788,EMILIO MITRE,PLAZA EMILIO MITRE - LARREA Y PACHECO DE MELO,ESTACION_AUTOMATICA.PNG,AUTOMATICA,feb-17,119,ESTACION AUTOMATICA: DISPONIBILIDAD LAS 24 HORAS,LARREA Y PACHECO DE MELO JOSE
-58368231968178256,-34604128855183192,PLAZA HIPOLITO BOUCHARD,PLAZA HIPOLITO BOUCHARD - AV EDUARDO MADERO Y PERON JUAN,ESTACION_AUTOMATICA.PNG,AUTOMATICA,feb-17,128,ESTACION AUTOMATICA: DISPONIBILIDAD LAS 24 HORAS,MADERO EDUARDO AV Y PERON JUAN D
-58373676082655490,-34603120869763096,CORRIENTES,AV CORRIENTES Y SAN MARTIN,ESTACION_AUTOMATICA.PNG,AUTOMATICA,feb-17,132,ESTACION AUTOMATICA: DISPONIBILIDAD LAS 24 HORAS,CORRIENTES AV Y SAN MARTIN
-58379764854665110,-34596455762618128,MARCELO T. DE ALVEAR,MARCELO T DE ALVEAR Y SUIPACHA,ESTACION_AUTOMATICA.PNG,AUTOMATICA,feb-17,135,ESTACION AUTOMATICA: DISPONIBILIDAD LAS 24 HORAS,ALVEAR MARCELO T Y SUIPACHA
-58381434885593290,-34615363956590628,LIMA,LIMA Y MEXICO,ESTACION_AUTOMATICA.PNG,AUTOMATICA,feb-17,149,ESTACION AUTOMATICA: DISPONIBILIDAD LAS 24 HORAS,LIMA Y MEXICO
-58412104719147624,-34600224863786560,GALLO,GALLO Y TUCUMAN,ESTACION_AUTOMATICA.PNG,AUTOMATICA,feb-17,154,ESTACION AUTOMATICA: DISPONIBILIDAD LAS 24 HORAS,GALLO Y TUCUMAN
-58366755289408390,-346180669522061,FACULTAD DE INGENIERIA,ESTADOS UNIDOS ENTRE AZOPARDO Y HUERGO AV,ESTACION_AUTOMATICA.PNG,AUTOMATICA,feb-17,164,ESTACION AUTOMATICA: DISPONIBILIDAD LAS 24 HORAS,ESTADOS UNIDOS Y AZOPARDO
-58378106637225456,-3460371877813963,ESMERALDA Y CORRIENTES,ESMERALDA Y AV CORRIENTES,ESTACION_AUTOMATICA.PNG,AUTOMATICA,feb-17,175,ESTACION AUTOMATICA: DISPONIBILIDAD LAS 24 HORAS,ESMERALDA Y CORRIENTES AV
-58400962310906130,-34633977626369684,15 DE NOVIEMBRE,15 DE NOVIEMBRE DE 1889 2687 ENTRE CATAMARCA Y JUJUY,ESTACION_AUTOMATICA.PNG,AUTOMATICA,mar-17,105,ESTACION AUTOMATICA: DISPONIBILIDAD LAS 24 HORAS,2687 15 DE NOVIEMBRE DE 1889
-58421704605278320,-34598222181564288,ACUÑA DE FIGUEROA,LAVALLE Y ACUÑA DE FIGUEROA,ESTACION_AUTOMATICA.PNG,AUTOMATICA,mar-17,54,ESTACION AUTOMATICA: DISPONIBILIDAD LAS 24 HORAS,LAVALLE Y ACUÑA DE FIGUEROA FRANCISCO
-58436771151449830,-34592706718923400,CASTILLO,CASTILLO 815 ENTRE THAMES Y SERRANO,ESTACION_AUTOMATICA.PNG,AUTOMATICA,mar-17,100,ESTACION AUTOMATICA: DISPONIBILIDAD LAS 24 HORAS,815 CASTILLO
-58415459396243016,-34601760602894640,GUARDIA VIEJA,GUARDIA VIEJA 3606 ENTRE BILLINGHURST Y MARIO BRAVO,ESTACION_AUTOMATICA.PNG,AUTOMATICA,mar-17,110,ESTACION AUTOMATICA: DISPONIBILIDAD LAS 24 HORAS,3606 GUARDIA VIEJA
-58420407437122310,-34591624459027584,COSTA RICA,COSTA RICA 4090 Y ACUÑA DE FIGUEROA,ESTACION_AUTOMATICA.PNG,AUTOMATICA,mar-17,122,ESTACION AUTOMATICA: DISPONIBILIDAD LAS 24 HORAS,4090 COSTA RICA
-58429590682289930,-34596693744777248,LERMA,LERMA 185 Y JULIAN ALVAREZ,ESTACION_AUTOMATICA.PNG,AUTOMATICA,mar-17,109,ESTACION AUTOMATICA: DISPONIBILIDAD LAS 24 HORAS,185 LERMA
-58399368569690960,-3458711720679419,GUTIERREZ,JUAN MARIA GUTIERREZ ENTRE AGUERO Y LAPRIDA,ESTACION_AUTOMATICA.PNG,AUTOMATICA,mar-17,90,ESTACION AUTOMATICA: DISPONIBILIDAD LAS 24 HORAS,GUTIERREZ JUAN MARIA Y AGUERO
-58405790412466240,-34601779712818624,PUEYRREDON,BOULOGNE SUR MER Y TUCUMAN,ESTACION_AUTOMATICA.PNG,AUTOMATICA,mar-17,144,ESTACION AUTOMATICA: DISPONIBILIDAD LAS 24 HORAS,BOULOGNE SUR MER Y TUCUMAN
-58425204657649776,-34585669444318208,GUATEMALA,GUATEMALA 4799 ENTRE J.L. BORGES Y GURRUCHAGA,ESTACION_AUTOMATICA.PNG,AUTOMATICA,mar-17,113,ESTACION AUTOMATICA: DISPONIBILIDAD LAS 24 HORAS,4799 GUATEMALA
-58434954874725680,-34600164664861132,VELASCO,VELASCO 285 ENTRE JULIAN ALVAREZ Y LAVALLEJA,ESTACION_AUTOMATICA.PNG,AUTOMATICA,mar-17,129,ESTACION AUTOMATICA: DISPONIBILIDAD LAS 24 HORAS,285 VELASCO RAMIREZ DE JUAN
-58428781060593570,-3461506434661996,HIPOLITO YRIGOYEN,HIPOLITO YRIGOYEN ENTRE MUÑIZ Y LA PLATA,ESTACION_AUTOMATICA.PNG,AUTOMATICA,mar-17,167,ESTACION AUTOMATICA: DISPONIBILIDAD LAS 24 HORAS,YRIGOYEN HIPOLITO AV Y LA PLATA AV
-58421044153603816,-34585424221549480,ARMENIA,ARMENIA 2393 Y CHARCAS,ESTACION_AUTOMATICA.PNG,AUTOMATICA,mar-17,123,ESTACION AUTOMATICA: DISPONIBILIDAD LAS 24 HORAS,2393 ARMENIA
-58412313560298370,-34581081606687128,UGARTECHE,UGARTECHE ENTRE CABELLO Y LAS HERAS,ESTACION_AUTOMATICA.PNG,AUTOMATICA,mar-17,124,ESTACION AUTOMATICA: DISPONIBILIDAD LAS 24 HORAS,UGARTECHE Y CABELLO
-58413150468691510,-34633308984809204,VIRREY LINIERS,SALCEDO 3401 Y VIRREY LINIERS,ESTACION_AUTOMATICA.PNG,AUTOMATICA,mar-17,139,ESTACION AUTOMATICA: DISPONIBILIDAD LAS 24 HORAS,3401 SALCEDO
-58415775044145760,-34635148035031024,LAS CASAS,LAS CASAS 3587 ENTRE AV. BOEDO Y ALZAGA,ESTACION_AUTOMATICA.PNG,AUTOMATICA,mar-17,140,ESTACION AUTOMATICA: DISPONIBILIDAD LAS 24 HORAS,3587 LAS CASAS
-58360933146169880,-34634072090731728,PINZON,PINZON 469 Y MARTIN RODRIGUEZ,ESTACION_AUTOMATICA.PNG,AUTOMATICA,mar-17,176,ESTACION AUTOMATICA: DISPONIBILIDAD LAS 24 HORAS,469 PINZON
-58405312698930736,-345824723755753,CABELLO,CABELLO ENTRE CNEL DIAZ Y ORTIZ DE OCAMPO,ESTACION_AUTOMATICA.PNG,AUTOMATICA,mar-17,89,ESTACION AUTOMATICA: DISPONIBILIDAD LAS 24 HORAS,CABELLO Y DIAZ CNEL AV
-58369430546477376,-3463997121461631,MINISTERIO DE JUSTICIA Y SEGURIDAD,REGIMIENTO DE PATRICIOS Y ARAOZ DE LAMADRID,ESTACION_AUTOMATICA.PNG,AUTOMATICA,abr-17,126,ESTACION AUTOMATICA: DISPONIBILIDAD LAS 24 HORAS,REGIMIENTO DE PATRICIOS AV Y ARAOZ DE LAMADRID GREGORIO
-58455062194509570,-3458754836364119,FEDERICO LACROZE,AV CORRIENTES 6800 Y FEDERICO LACROZE,ESTACION_AUTOMATICA.PNG,AUTOMATICA,abr-17,104,ESTACION AUTOMATICA: DISPONIBILIDAD LAS 24 HORAS,6900 CORRIENTES AV
-58371705908622800,-3463081220936121,RUY DIAZ DE GUZMAN,RUY DIAZ DE GUZMAN Y AV. MARTIN GARCIA,ESTACION_AUTOMATICA.PNG,AUTOMATICA,abr-17,73,ESTACION AUTOMATICA: DISPONIBILIDAD LAS 24 HORAS,RUY DIAZ DE GUZMAN Y GARCIA MARTIN AV
-58380912274696170,-34608231785987972,RIVADAVIA Y 9 DE JULIO,RIVADAVIA Y CARLOS PELLEGRINI,ESTACION_AUTOMATICA.PNG,AUTOMATICA,abr-17,191,ESTACION AUTOMATICA: DISPONIBILIDAD LAS 24 HORAS,RIVADAVIA AV Y PELLEGRINI CARLOS
-58374752508872880,-34622059941973132,PLAZA CECILIA GRIERSON,AV SAN JUAN 632,ESTACION_AUTOMATICA.PNG,AUTOMATICA,abr-17,173,ESTACION AUTOMATICA: DISPONIBILIDAD LAS 24 HORAS,632 SAN JUAN AV
-584378366120078,-34580469465389196,RAVIGNANI,RAVIGNANI 1883 Y COSTA RICA,ESTACION_AUTOMATICA.PNG,AUTOMATICA,abr-17,145,ESTACION AUTOMATICA: DISPONIBILIDAD LAS 24 HORAS,1883 RAVIGNANI EMILIO DR
-58411913670783650,-34592696613881620,BILLINGHURST Y MANSILLA,BILLINGHURST 1533 Y MANSILLA,ESTACION_AUTOMATICA.PNG,AUTOMATICA,abr-17,181,ESTACION AUTOMATICA: DISPONIBILIDAD LAS 24 HORAS,1853 BILLINGHURST
-58445098655359650,-34592839213799104,VILLARROEL,VILLARROEL Y HUMBOLDT,ESTACION_AUTOMATICA.PNG,AUTOMATICA,abr-17,158,ESTACION AUTOMATICA: DISPONIBILIDAD LAS 24 HORAS,VILLARROEL Y HUMBOLDT
-5836208336032481,-34630692805891836,JUAN MANUEL BLANES,JUAN MANUEL BLANES 383,ESTACION_AUTOMATICA.PNG,AUTOMATICA,abr-17,153,ESTACION AUTOMATICA: DISPONIBILIDAD LAS 24 HORAS,383 BLANES JUAN MANUEL
-58388415093700080,-3460300443628654,PARANA,LAVALLE ENTTRE MONTEVIDEO Y PARANA,ESTACION_AUTOMATICA.PNG,AUTOMATICA,abr-17,83,ESTACION AUTOMATICA: DISPONIBILIDAD LAS 24 HORAS,LAVALLE Y PARANA
-58370984931913310,-34625607180603216,BRASIL,BRASIL Y DEFENSA,ESTACION_AUTOMATICA.PNG,AUTOMATICA,abr-17,172,ESTACION AUTOMATICA: DISPONIBILIDAD LAS 24 HORAS,BRASIL AV Y DEFENSA
-58407787551975336,-34622194454298124,HOSPITAL FRANCES,HOSPITAL FRANCES: CARLOS CALVO Y LA RIOJA,ESTACION_AUTOMATICA.PNG,AUTOMATICA,abr-17,146,ESTACION AUTOMATICA: DISPONIBILIDAD LAS 24 HORAS,CALVO CARLOS Y LA RIOJA
-58394769493400736,-3462060134032108,CARLOS CALVO,CARLOS CALVO Y SARANDI,ESTACION_AUTOMATICA.PNG,AUTOMATICA,abr-17,93,ESTACION AUTOMATICA: DISPONIBILIDAD LAS 24 HORAS,CALVO CARLOS Y SARANDI
-58362999658555690,-34604969163174368,MACACHA GUEMES,MACACHA GUEMES Y JUANA MANSO,ESTACION_AUTOMATICA.PNG,AUTOMATICA,abr-17,111,ESTACION AUTOMATICA: DISPONIBILIDAD LAS 24 HORAS,GUEMES MACACHA Y MANSO JUANA
-58403533150668630,-34577414620685856,MALBA,AV FIGUEROA ALCORTA Y SAN MARTIN DE TOURS,ESTACION_AUTOMATICA.PNG,AUTOMATICA,abr-17,103,ESTACION AUTOMATICA: DISPONIBILIDAD LAS 24 HORAS,"FIGUEROA ALCORTA, PRES. AV. Y SAN MARTIN DE TOURS"
-58420210254692850,-3457296236756175,GODOY CRUZ Y LIBERTADOR,GODOY CRUZ 3291 ENTRE AV DEL LIBERTADOR Y SEGUI,ESTACION_AUTOMATICA.PNG,AUTOMATICA,abr-17,160,ESTACION AUTOMATICA: DISPONIBILIDAD LAS 24 HORAS,3291 GODOY CRUZ
-5843523360815378,-34578190951278800,RAVIGNANI Y GUATEMALA,RAVIGNANI 2171 Y GUATEMALA,ESTACION_AUTOMATICA.PNG,AUTOMATICA,may-17,182,ESTACION AUTOMATICA: DISPONIBILIDAD LAS 24 HORAS,2171 RAVIGNANI
-58387766665448400,-34634948959411800,HOSPITAL BRITANICO,PERDRIEL Y FINOCHIETTO ENRIQUE,ESTACION_AUTOMATICA.PNG,AUTOMATICA,may-17,138,ESTACION AUTOMATICA: DISPONIBILIDAD LAS 24 HORAS,PERDRIEL Y FINOCHIETTO ENRIQUE DR.
-58374285096617330,-34591940862666128,RETIRO II,PLAZA FUERZA AEREA: AV. DR. J. RAMOS MEJIA Y AV DEL LIBERTADOR,ESTACION_AUTOMATICA.PNG,AUTOMATICA,may-17,130,ESTACION AUTOMATICA: DISPONIBILIDAD LAS 24 HORAS,DEL LIBERTADOR AV Y RAMOS MEJIA DR AV
-58374210028319144,-34591846492840452,RETIRO III,PLAZA FUERZA AEREA: AV. DR. J. RAMOS MEJIA Y AV DEL LIBERTADOR,ESTACION_AUTOMATICA.PNG,AUTOMATICA,may-17,131,ESTACION AUTOMATICA: DISPONIBILIDAD LAS 24 HORAS,DEL LIBERTADOR AV Y RAMOS MEJIA DR AV
-58395944359526920,-34630437687184952,HOSPITAL GARRAHAN,HOSPITAL GARRAHAN: AV BRASIL Y PICHINCHA,ESTACION_AUTOMATICA.PNG,AUTOMATICA,may-17,107,ESTACION AUTOMATICA: DISPONIBILIDAD LAS 24 HORAS,BRASIL AV Y PICHINCHA AV
-5843438250822151,-34581039917576040,NICARAGUA,NICARAGUA 5690 ENTRE BONPLAND Y FITZ ROY,ESTACION_AUTOMATICA.PNG,AUTOMATICA,may-17,133,ESTACION AUTOMATICA: DISPONIBILIDAD LAS 24 HORAS,5690 NICARAGUA
-58415758703809690,-34604635232518128,BILLINGHURST Y VALENTIN GOMEZ,BILLINGHURST 455 Y VALENTIN GOMEZ,ESTACION_AUTOMATICA.PNG,AUTOMATICA,may-17,143,ESTACION AUTOMATICA: DISPONIBILIDAD LAS 24 HORAS,455 BILLINGHURST
-58367470006978050,-34615926396668852,AZOPARDO Y CHILE,AZOPARDO 700 Y CHILE,ESTACION_AUTOMATICA.PNG,AUTOMATICA,may-17,137,ESTACION AUTOMATICA: DISPONIBILIDAD LAS 24 HORAS,AZOPARDO Y CHILE
-58428217167339250,-34583480107248728,ORO,FRAY JUSTO SANTAMARIA DE ORO Y GUATEMALA,ESTACION_AUTOMATICA.PNG,AUTOMATICA,may-17,125,ESTACION AUTOMATICA: DISPONIBILIDAD LAS 24 HORAS,FRAY JUSTO SANTAMARIA DE ORO Y GUATEMALA
-58374218007911910,-34619940439559456,HUMBERTO PRIMO,PERU 1016 ENTRE HUMBERTO PRIMO Y CARLOS CALVO,ESTACION_AUTOMATICA.PNG,AUTOMATICA,may-17,117,ESTACION AUTOMATICA: DISPONIBILIDAD LAS 24 HORAS,1016 PERU
-5840259838421953,-34592104240900892,HOSPITAL ALEMAN,BERUTI Y ECUADOR,ESTACION_AUTOMATICA.PNG,AUTOMATICA,may-17,116,ESTACION AUTOMATICA: DISPONIBILIDAD LAS 24 HORAS,BERUTI Y ECUADOR
-58390410553701390,-34611837952645172,SOLIS Y ALSINA,SOLIS 225 Y ADOLFO ALSINA,ESTACION_AUTOMATICA.PNG,AUTOMATICA,may-17,141,ESTACION AUTOMATICA: DISPONIBILIDAD LAS 24 HORAS,225 SOLIS
-58452926826149610,-34592212477511568,SANTOS DUMONT Y OTERO,SANTOS DUMONT 4380 Y OTERO,ESTACION_AUTOMATICA.PNG,AUTOMATICA,may-17,127,ESTACION AUTOMATICA: DISPONIBILIDAD LAS 24 HORAS,4380 DUMONT SANTOS
-58428888195689590,-34590554215666048,ARMENIA Y GORRITI,ARMENIA 1525 ENTRE GORRITI Y HONDURAS,ESTACION_AUTOMATICA.PNG,AUTOMATICA,may-17,142,ESTACION AUTOMATICA: DISPONIBILIDAD LAS 24 HORAS,1525 ARMENIA
-5837910486128024,-34627455406115588,CONSTITUCION I,AV BRASIL 1050 Y LIMA,ESTACION_AUTOMATICA.PNG,AUTOMATICA,may-17,147,ESTACION AUTOMATICA: DISPONIBILIDAD LAS 24 HORAS,1050 BRASIL AV
-58379231885257800,-34627494076458304,CONSTITUCION II,AV BRASIL 1060 Y LIMA,ESTACION_AUTOMATICA.PNG,AUTOMATICA,may-17,148,ESTACION AUTOMATICA: DISPONIBILIDAD LAS 24 HORAS,1060 BRASIL AV
-58412559298141080,-34641727910511284,PARQUE JOSE EVARISTO URIBURU,PQUE. JOSE E. URIBURU - ALMAFUERTE 300,ESTACION_AUTOMATICA.PNG,AUTOMATICA,jun-17,155,ESTACION AUTOMATICA: DISPONIBILIDAD LAS 24 HORAS,300 ALMAFUERTE AV.
-58406616799181090,-34609355486334688,ONCE II,BARTOLOME MITRE Y AV PUEYRREDON,ESTACION_AUTOMATICA.PNG,AUTOMATICA,jun-17,163,ESTACION AUTOMATICA: DISPONIBILIDAD LAS 24 HORAS,MITRE BARTOLOME Y PUEYRREDON AV
-58427952183187440,-34628309212713772,SENILLOSA Y ZUVIRIA,SENILLOSA 989 Y ZUVIRIA,ESTACION_AUTOMATICA.PNG,AUTOMATICA,jun-17,157,ESTACION AUTOMATICA: DISPONIBILIDAD LAS 24 HORAS,989 SENILLOSA
-5843739683340209,-3458503639373545,GORRITI,FITZ ROY 1590 Y GORRITI,ESTACION_AUTOMATICA.PNG,AUTOMATICA,jun-17,159,ESTACION AUTOMATICA: DISPONIBILIDAD LAS 24 HORAS,1590 FITZ ROY
-58401945169855810,-34609239096778356,LARREA Y BARTOLOME MITRE,LARREA ENTRE BARTOLOME MITRE Y AV RIVADAVIA,ESTACION_AUTOMATICA.PNG,AUTOMATICA,jun-17,162,ESTACION AUTOMATICA: DISPONIBILIDAD LAS 24 HORAS,LARREA Y MITRE BARTOLOME
-58405966223158760,-34599732704138208,SAN LUIS Y ECUADOR,SAN LUIS 2862 ENTRE ECUADOR Y BOULOGNE SUR MER,ESTACION_AUTOMATICA.PNG,AUTOMATICA,jun-17,170,ESTACION AUTOMATICA: DISPONIBILIDAD LAS 24 HORAS,2862 SAN LUIS
-58407851663360040,-34597763577063264,PLAZA MONSEÑOR MIGUEL DE ANDREA,PLAZA MONSEÑOR MIGUEL DE ANDREA (ANCHORENA 900),ESTACION_AUTOMATICA.PNG,AUTOMATICA,jun-17,165,ESTACION AUTOMATICA: DISPONIBILIDAD LAS 24 HORAS,901 ANCHORENA TOMAS MANUEL
-58381282608213890,-3461861995681673,ESTADOS UNIDOS,ESTADOS UNIDOS Y LIMA,ESTACION_AUTOMATICA.PNG,AUTOMATICA,jun-17,168,ESTACION AUTOMATICA: DISPONIBILIDAD LAS 24 HORAS,ESTADOS UNIDOS Y LIMA
-58399526865532490,-34603242952572596,PASTEUR,PASTEUR 501 ENTRE TUCUMAN Y LAVALLE,ESTACION_AUTOMATICA.PNG,AUTOMATICA,jun-17,171,ESTACION AUTOMATICA: DISPONIBILIDAD LAS 24 HORAS,501 PASTEUR
-58407965559468e3,-34577849108765664,PLAZA ALEMANIA,PLAZA ALEMANIA: DEL LIBERTADOR AV Y CAVIA,ESTACION_AUTOMATICA.PNG,AUTOMATICA,jun-17,156,ESTACION AUTOMATICA: DISPONIBILIDAD LAS 24 HORAS,DEL LIBERTADOR AV Y CAVIA
-58411924763960370,-346120200280467,FACULTAD DE PSICOLOGIA,HIPOLITO YRIGOYEN Y 24 DE NOVIEMBRE,ESTACION_AUTOMATICA.PNG,AUTOMATICA,jul-17,169,ESTACION AUTOMATICA: DISPONIBILIDAD LAS 24 HORAS,YRIGOYEN HIPOLITO Y 24 DE NOVIEMBRE
-58391548775098680,-34597261472489800,MINISTERIO DE EDUCACION,MARCELO T DE ALVEAR 1698 Y RODRIGUEZ PEÑA,ESTACION_AUTOMATICA.PNG,AUTOMATICA,jul-17,174,ESTACION AUTOMATICA: DISPONIBILIDAD LAS 24 HORAS,1698 ALVEAR MARCELO T DE
-58412158544546730,-34568073891386384,PLANETARIO,"AV. ROLDAN, BELISARIO Y AV. SARMIENTO",ESTACION_AUTOMATICA.PNG,AUTOMATICA,jul-17,177,ESTACION AUTOMATICA: DISPONIBILIDAD LAS 24 HORAS,ROLDAN BELISARIO AV Y SARMIENTO AV
-5842486660380937,-34623457406189336,JOSE MARMOL,JOSE MARMOL 803 Y ESTADOS UNIDOS,ESTACION_AUTOMATICA.PNG,AUTOMATICA,jul-17,178,ESTACION AUTOMATICA: DISPONIBILIDAD LAS 24 HORAS,803 MARMOL JOSE
-5842047096263039,-34619802649015008,CASTRO Y MEXICO,CASTRO 680 ENTRE MEXICO Y AGRELO,ESTACION_AUTOMATICA.PNG,AUTOMATICA,jul-17,180,ESTACION AUTOMATICA: DISPONIBILIDAD LAS 24 HORAS,680 CASTRO
-58389691907404696,-34615637634194184,VIRREY CEVALLOS,MEXICO 1652 ENTRE VIRREY CEVALLOS Y SOLIS,ESTACION_AUTOMATICA.PNG,AUTOMATICA,jul-17,183,ESTACION AUTOMATICA: DISPONIBILIDAD LAS 24 HORAS,1652 MEXICO
-58421782575094310,-34631369971819452,AV PAVON Y 33 ORIENTALES,"33 ORIENTALES 1439, ENTRE AV. PAVON Y AV. GARAY",ESTACION_AUTOMATICA.PNG,AUTOMATICA,jul-17,185,ESTACION AUTOMATICA: DISPONIBILIDAD LAS 24 HORAS,1439 TREINTA Y TRES ORIENTALES
-58407142529845490,-34612551285682868,CATAMARCA,ADOLFO ALSINA 2910 Y CATAMARCA,ESTACION_AUTOMATICA.PNG,AUTOMATICA,jul-17,186,ESTACION AUTOMATICA: DISPONIBILIDAD LAS 24 HORAS,2910 ALSINA ADOLFO
-5838561510328617,-34597798804635824,TALCAHUANO,TALCAHUANO 1034 Y MARCELO T DE ALVEAR,ESTACION_AUTOMATICA.PNG,AUTOMATICA,jul-17,192,ESTACION AUTOMATICA: DISPONIBILIDAD LAS 24 HORAS,1034 TALCAHUANO
-5840597385351213,-34591110880844744,ARENALES Y AGUERO,ARENALES 2882 Y AGUERO,ESTACION_AUTOMATICA.PNG,AUTOMATICA,jul-17,193,ESTACION AUTOMATICA: DISPONIBILIDAD LAS 24 HORAS,2882 ARENALES
-58422572042117520,-34605952483313380,PERON Y FRANCISCO ACUÑA DE FIGUEROA,"PERON, JUAN DOMINGO TTE 3989 ENTRE FRANCISCO ACUÑA DE FIGUEROA Y MEDRANO",ESTACION_AUTOMATICA.PNG,AUTOMATICA,jul-17,194,ESTACION AUTOMATICA: DISPONIBILIDAD LAS 24 HORAS,3989 PERON JUAN DOMINGO TTE
-58433506016026950,-34610796276933668,ARANGUREN,ARANGUREN 188 ENTRE PORTUGAL Y EDUARDO ACEVEDO,ESTACION_AUTOMATICA.PNG,AUTOMATICA,ago-17,188,ESTACION AUTOMATICA: DISPONIBILIDAD LAS 24 HORAS,188 ARANGUREN JUAN F DR
-58391318632494576,-34630678908608008,PEDRO ECHAGUE,PEDRO ECHAGUE 1878 ENTRE COMBATE DE LOS POZOS Y AV ENTRE RIOS,ESTACION_AUTOMATICA.PNG,AUTOMATICA,ago-17,184,ESTACION AUTOMATICA: DISPONIBILIDAD LAS 24 HORAS,1878 ECHAGUE PEDRO
-58385586020481096,-34588474694640744,POSADAS,POSADAS 1350 ENTRE MONTEVIDEO Y RODRIGUEZ PEÑA,ESTACION_AUTOMATICA.PNG,AUTOMATICA,ago-17,189,ESTACION AUTOMATICA: DISPONIBILIDAD LAS 24 HORAS,1350 POSADAS
-58431791182618310,-34617666753946248,PARQUE RIVADAVIA,CHACO 250,ESTACION_AUTOMATICA.PNG,AUTOMATICA,ago-17,187,ESTACION AUTOMATICA: DISPONIBILIDAD LAS 24 HORAS,250 CHACO
-58387453831513600,-34627049137072720,PLAZA GARAY,AV JUAN DE GARAY Y LUIS SAENZ PEÑA,ESTACION_AUTOMATICA.PNG,AUTOMATICA,ago-17,195,ESTACION AUTOMATICA: DISPONIBILIDAD LAS 24 HORAS,GARAY JUAN DE AV Y SAENZ PEÑA LUIS PRES
-58411227422339536,-34585077755699492,JUNCAL,JUNCAL 3320 Y JERONIMO SALGUERO,ESTACION_AUTOMATICA.PNG,AUTOMATICA,ago-17,190,ESTACION AUTOMATICA: DISPONIBILIDAD LAS 24 HORAS,3320 JUNCAL
-58423480858497390,-34613596262550856,QUINTINO BOCAYUVA,QUINTINO BOCAYUVA Y DON BOSCO,ESTACION_AUTOMATICA.PNG,AUTOMATICA,ago-17,197,ESTACION AUTOMATICA: DISPONIBILIDAD LAS 24 HORAS,BOCAYUVA QUINTINO Y DON BOSCO
-58415881554842904,-3462243894380331,ESTADOS UNIDOS Y BOEDO,ESTADOS UNIDOS 3568 ENTRE BOEDO Y MAZA,ESTACION_AUTOMATICA.PNG,AUTOMATICA,ago-17,199,ESTACION AUTOMATICA: DISPONIBILIDAD LAS 24 HORAS,3568 ESTADOS UNIDOS
-5840413806434006,-34634380008770732,HOSPITAL SARDA,CATULO CASTILLO 2896 Y DEAN FUNES,ESTACION_AUTOMATICA.PNG,AUTOMATICA,ago-17,198,ESTACION AUTOMATICA: DISPONIBILIDAD LAS 24 HORAS,2896 CASTILLO CATULO
-58366019048823840,-34627776343153688,HOSPITAL ARGERICH,PI Y MARGALL 750 ENTRE NECOCHEA Y ALTE. BROWN,ESTACION_AUTOMATICA.PNG,AUTOMATICA,ago-17,196,ESTACION AUTOMATICA: DISPONIBILIDAD LAS 24 HORAS,750 PI Y MARGALL
-58387652923008850,-34608991591755816,CONGRESO II,AV RIVADAVIA Y PARANA,ESTACION_AUTOMATICA.PNG,AUTOMATICA,ago-17,39,ESTACION AUTOMATICA: DISPONIBILIDAD LAS 24 HORAS,RIVADAVIA AV Y PARANA
-58445986749829504,-34586439891883932,ROSETI,ROSETI 50 Y AV DORREGO,ESTACION_AUTOMATICA.PNG,AUTOMATICA,sep-17,102,ESTACION AUTOMATICA: DISPONIBILIDAD LAS 24 HORAS,50 ROSETI
-58404361082670056,-34588191458095596,AUSTRIA Y FRENCH,AUSTRIA 2080 ENTRE FRENCH Y JUNCAL,ESTACION_AUTOMATICA.PNG,AUTOMATICA,sep-17,200,ESTACION AUTOMATICA: DISPONIBILIDAD LAS 24 HORAS,2080  AUSTRIA
-58360399306334944,-34639114073312316,LA BOCA,DON PEDRO DE MENDOZA 1819,ESTACION_AUTOMATICA.PNG,AUTOMATICA,INAUGURACION 05/12/2017,179,ESTACION AUTOMATICA: DISPONIBILIDAD LAS 24 HORAS,DON PEDRO DE MENDOZA AV 1819
